{
    "training_r2_score": 0.9974598153783949,
    "mae": 1106.786195277428,
    "rmse": 2786.136999734801,
    "r2_score": 0.984929855210218
}
